scope,task,layer_idx,tensor_axis,n_samples,sample_indices,mean_relative_l2,median_relative_l2,mean_p99_abs,median_p99_abs,mean_outlier_fraction,median_outlier_fraction,mean_mean,median_mean,mean_std,median_std,mean_variance,median_variance,mean_max_abs,median_max_abs,mean_p50_abs,median_p50_abs,mean_p95_abs,median_p95_abs,mean_mse,median_mse,mean_max_abs_error,median_max_abs_error
primary,2wikimqa,0,key,4,38 44 138 164,0.1934608028674611,0.19306568891934098,2.16455078125,2.166015625,0.013820704197096786,0.013817630214604573,0.0052021667418899195,0.005164086163051511,0.6513406385353286,0.6510407809080734,0.42424740282491014,0.4238551193049301,8.849609375,8.85546875,0.3546142578125,0.3544921875,1.27099609375,1.27197265625,0.015878624429054446,0.015837931204914925,1.7616748809814453,1.7711181640625
primary,2wikimqa,0,value,4,38 44 138 164,0.5319005900610764,0.5318781509662986,0.13873291015625,0.1385498046875,0.016936467489173563,0.01692640323460337,9.319906534726296e-06,9.29897431240428e-06,0.0311761846098325,0.03116226678942081,0.0009719629513384381,0.0009710870012360352,1.201171875,1.201171875,0.005385398864746094,0.005397796630859375,0.037200927734375,0.037200927734375,0.000274668649459788,0.00027428071576211083,0.226654052734375,0.226654052734375
primary,2wikimqa,4,key,4,38 44 138 164,0.14095352536764638,0.14094874935649787,7.45703125,7.453125,0.016293384523365817,0.016150691181697492,-0.015516309693598837,-0.013774278139512059,1.863822427010951,1.8653943425446295,3.4738497121960017,3.4796974777013387,19.27734375,19.2734375,0.732421875,0.732421875,3.65576171875,3.6591796875,0.06905797542867559,0.06910704997624056,2.8828125,2.8828125
primary,2wikimqa,4,value,4,38 44 138 164,0.4091506506240026,0.40918999790336985,0.72705078125,0.72705078125,0.008097672306115782,0.008112430141244834,-0.0013308106469257562,-0.0013836128399757487,0.25309652063084126,0.2530007455773601,0.06405788783573804,0.06400937726762451,3.53564453125,3.5361328125,0.1556396484375,0.1556396484375,0.5008544921875,0.500732421875,0.010720401696656888,0.010718416951709577,0.75323486328125,0.74609375
primary,2wikimqa,9,key,4,38 44 138 164,0.169414740210245,0.16920818518986852,7.3603515625,7.337890625,0.016123571428322252,0.016010887729265143,-0.007296850455395881,-0.0073399907249508,1.8522965950456556,1.8537495845274807,3.431021535588161,3.4363889608399165,19.90234375,19.9375,0.7552490234375,0.755126953125,3.44970703125,3.44921875,0.09857292334944577,0.09850227200615094,3.1796875,3.1796875
primary,2wikimqa,9,value,4,38 44 138 164,0.4056789285626288,0.4056738541003913,1.04296875,1.04345703125,0.007319258442601356,0.0072989010701887645,0.00025860781454436956,0.0002643378012011372,0.36882164289181485,0.3683519539461253,0.1360302095962035,0.1356831619783106,6.8134765625,6.775390625,0.23089599609375,0.23065185546875,0.7308349609375,0.730224609375,0.022358414286971964,0.022346074444969312,1.34912109375,1.346923828125
primary,2wikimqa,13,key,4,38 44 138 164,0.1746479482544293,0.17442614209270196,6.357421875,6.326171875,0.014146530665321599,0.014085280469108102,-0.011533518078103228,-0.011747682928695892,1.7955899678926968,1.795793909058449,3.2241875562559126,3.2249030609360307,19.77734375,19.8515625,0.7525634765625,0.75244140625,3.34619140625,3.34375,0.09843469356862058,0.09822018049534113,2.9921875,2.9921875
primary,2wikimqa,13,value,4,38 44 138 164,0.39833159614643054,0.39836911856226964,1.1533203125,1.15380859375,0.006327363462834414,0.006302773763082619,-2.04521950208277e-05,-9.820292252722146e-05,0.4153023586804286,0.41576932626022867,0.17247804908372077,0.17286426499590757,5.396484375,5.373046875,0.26336669921875,0.2637939453125,0.82568359375,0.82666015625,0.02734292369915612,0.0273953253019901,1.4149169921875,1.4111328125
primary,2wikimqa,18,key,4,38 44 138 164,0.16763345796977291,0.16822303067078465,6.673828125,6.67578125,0.01381923219474953,0.013798554140789033,-0.006704800008258981,-0.006772500584652636,1.8094239526981586,1.8068466889663979,3.2741468490483823,3.264707535660434,19.24609375,19.28125,0.7347412109375,0.7333984375,3.2724609375,3.263671875,0.09208899546486571,0.09235426519299568,2.6875,2.6875
primary,2wikimqa,18,value,4,38 44 138 164,0.39927562862071636,0.39926536894680653,1.323974609375,1.32470703125,0.005913298330515524,0.005880916287951706,-0.0028026114918081883,-0.002564651788839788,0.48244193958316894,0.4820249817195481,0.23275509708894587,0.2323492298248675,5.408203125,5.4140625,0.30841064453125,0.30810546875,0.9527587890625,0.952392578125,0.03711367463751015,0.03704813747327472,1.20751953125,1.21142578125
primary,2wikimqa,22,key,4,38 44 138 164,0.17002169796012354,0.1705714148079283,6.5791015625,6.564453125,0.014610337037037215,0.014593570114954591,-0.02012701198842297,-0.021773791284346117,1.818638059528265,1.8172056396524972,3.307539803452614,3.3022366570191117,22.2890625,22.3046875,0.7518310546875,0.751220703125,3.31201171875,3.3076171875,0.09571148497961818,0.09563112134209852,2.7890625,2.7890625
primary,2wikimqa,22,value,4,38 44 138 164,0.3953398825628708,0.39526264308584874,1.475830078125,1.478515625,0.005239963035819543,0.00524341737223559,-0.004372709811312907,-0.0043185205017289945,0.5431899127936579,0.5436148990998171,0.2950636770171571,0.2955181706269817,7.7255859375,7.6796875,0.350830078125,0.350830078125,1.076171875,1.0771484375,0.04615294376016237,0.04630253301003941,1.586395263671875,1.5921630859375
primary,2wikimqa,27,key,4,38 44 138 164,0.1708919242583754,0.17125670479397379,6.37890625,6.322265625,0.012068873514066745,0.012005537682760494,-0.002559094328515143,-0.0025885964677864193,1.8255097645788492,1.8228580029443626,3.3325672068872247,3.322831796310669,21.73828125,21.859375,0.7347412109375,0.734130859375,3.0234375,3.0205078125,0.09740335469701468,0.09745394986562358,2.828125,2.828125
primary,2wikimqa,27,value,4,38 44 138 164,0.39754033786514487,0.39758877823902755,1.788330078125,1.78466796875,0.004727134088273214,0.004708071657770655,-0.0006316785691948563,-0.00077553869292131,0.6684023528854947,0.667351634492255,0.4467915208787446,0.4453582749649281,7.7548828125,7.7109375,0.4354248046875,0.434814453125,1.31396484375,1.3115234375,0.0707224562544678,0.0705107904879693,1.95635986328125,1.975830078125
primary,2wikimqa,31,key,4,38 44 138 164,0.17746241032840918,0.17759538574984973,6.4775390625,6.46484375,0.01619946300802144,0.016097961546507687,-0.031684961530438385,-0.03141748639721573,1.767745942662922,1.7662076301346457,3.125014546823412,3.1194906887193268,21.90234375,21.8984375,0.792724609375,0.792236328125,3.3251953125,3.3193359375,0.09851432288473069,0.09850017363846958,3.58642578125,3.5849609375
primary,2wikimqa,31,value,4,38 44 138 164,0.4012070809464531,0.4011755502750948,1.520751953125,1.52001953125,0.00597417094869942,0.005976906841455928,-0.004916820683390817,-0.00477902569287497,0.555943307702597,0.5556530837707214,0.30908376557194184,0.3087504438044576,7.3984375,7.39453125,0.35614013671875,0.35595703125,1.0908203125,1.08984375,0.04983796488939403,0.04981713687184039,2.0516357421875,2.0516357421875
primary,lcc,0,key,4,122 174 214 357,0.20029478520673205,0.20022994245126524,2.25634765625,2.2470703125,0.01345705130076935,0.013505442215251379,0.009556226901556598,0.009621274055820084,0.6850369932590811,0.6839389954450925,0.46933827709463155,0.46777826018441293,6.25390625,6.255859375,0.36907958984375,0.3682861328125,1.338134765625,1.33837890625,0.01882289137289975,0.019044916182488124,1.7822113037109375,1.789093017578125
primary,lcc,0,value,4,122 174 214 357,0.5356167763335358,0.5380789099238312,0.14678955078125,0.1468505859375,0.017966406424311215,0.017980628380408654,4.190329934426422e-05,2.6761462206796644e-05,0.03258414021716429,0.03268496585451039,0.0010617707938542463,0.0010683089229847973,1.201171875,1.201171875,0.005847930908203125,0.005859375,0.0417633056640625,0.0415496826171875,0.00030447196671836726,0.0003043757214975046,0.226654052734375,0.226654052734375
primary,lcc,4,key,4,122 174 214 357,0.130770217504527,0.13082513028096066,7.80078125,7.8046875,0.015513173956806726,0.015424459247292084,-0.010975388616935176,-0.011919712586282542,1.8995842539957868,1.9019642001737669,3.60862447288062,3.617571594500471,18.453125,18.40625,0.728759765625,0.72705078125,3.67431640625,3.6630859375,0.0617553785855521,0.06169127948239993,2.892578125,2.875
primary,lcc,4,value,4,122 174 214 357,0.40533285999942437,0.40540399355841616,0.7169189453125,0.716796875,0.007836366080333076,0.007832300675542872,-0.0009970565484806594,-0.000880179467783733,0.2508424478891746,0.250704118174648,0.06292484290740082,0.0628540381092238,2.9248046875,2.9443359375,0.15570068359375,0.15557861328125,0.497314453125,0.496826171875,0.010338806470431,0.010332495992158252,0.7343482971191406,0.750244140625
primary,lcc,9,key,4,122 174 214 357,0.1654426006862686,0.1660052323809254,7.5185546875,7.484375,0.0160289002989702,0.01603427263218352,0.004882917436125366,0.005176447718701126,1.8452230749443495,1.8449672069788128,3.405012756175037,3.403968604162542,20.984375,21.0234375,0.7435302734375,0.7431640625,3.34423828125,3.3359375,0.09320239572728983,0.09305337152386073,3.234375,3.1640625
primary,lcc,9,value,4,122 174 214 357,0.4044191145983307,0.4041187955414107,1.04150390625,1.0400390625,0.006804964978517878,0.006752030875860521,0.0002907285619852184,7.527034435572594e-05,0.37231236072214025,0.37242866264112473,0.13861982254181615,0.13870494871481961,6.9326171875,6.9140625,0.23431396484375,0.23443603515625,0.7366943359375,0.737060546875,0.0226659225944953,0.022575589565473064,1.384765625,1.3837890625
primary,lcc,13,key,4,122 174 214 357,0.178118767439507,0.17881330906360005,6.4052734375,6.40234375,0.014232757510219934,0.014239966403508324,-0.011846085608307105,-0.011927084467759301,1.7648821656445743,1.7663787201760437,3.1148801369694343,3.12010767902824,19.4765625,19.3984375,0.735595703125,0.73291015625,3.21142578125,3.2001953125,0.09880616228514244,0.09913271376319555,2.8955078125,2.85546875
primary,lcc,13,value,4,122 174 214 357,0.3980553802398128,0.3979358769703757,1.155517578125,1.1552734375,0.006006237509175991,0.005998456236203606,-0.0013365308448764176,-0.0011567829495188232,0.41922043912233764,0.4200911130977515,0.17575355139310755,0.17647747652717777,5.2861328125,5.279296875,0.2674560546875,0.2684326171875,0.83056640625,0.83251953125,0.02783450499986745,0.027919689383763466,1.410400390625,1.411865234375
primary,lcc,18,key,4,122 174 214 357,0.17176916528207592,0.17184370632710955,6.5546875,6.5625,0.013475537277314336,0.013393185494876258,0.0014375644482993953,0.00030548092414743263,1.7760727888492815,1.777816263389412,3.154450809454991,3.160632450142358,19.19921875,19.265625,0.7181396484375,0.718017578125,3.13330078125,3.1396484375,0.09306270363842788,0.09339432922726285,2.904296875,2.869140625
primary,lcc,18,value,4,122 174 214 357,0.39910857573099656,0.3990908257975977,1.31298828125,1.31396484375,0.005728833626929083,0.005692414892037376,-0.0015361712227604791,-0.0014650209055657908,0.48022940182185725,0.48012605850904166,0.23064527519750685,0.23053643399822904,5.4111328125,5.30859375,0.30755615234375,0.3074951171875,0.9468994140625,0.946533203125,0.03674699920585951,0.03673382964219178,1.1364822387695312,1.1427154541015625
primary,lcc,22,key,4,122 174 214 357,0.17258002769159964,0.17305608531042863,6.572265625,6.55859375,0.014386071098266864,0.014424083153040113,-0.025937700301997883,-0.02632586685810691,1.8011899869378096,1.7941893033582121,3.244510801500583,3.219126253256226,22.69921875,22.8203125,0.7330322265625,0.732421875,3.22900390625,3.2431640625,0.09660475266771532,0.09643956351511174,2.783203125,2.80078125
primary,lcc,22,value,4,122 174 214 357,0.3949949179189501,0.3950035743749446,1.420166015625,1.423828125,0.005169740737381471,0.005105470201180464,-0.0032588559336482643,-0.003882467069988514,0.524092087228473,0.5260645730671776,0.2747807087435603,0.27679089243806554,6.0732421875,5.794921875,0.33990478515625,0.3414306640625,1.0361328125,1.0400390625,0.04289382749671564,0.04324617162449187,1.30999755859375,1.34814453125
primary,lcc,27,key,4,122 174 214 357,0.16641747381697564,0.16797499752293046,6.2490234375,6.27734375,0.011792808706462437,0.011806256664769098,-0.00466327933739336,-0.005727261698954825,1.8214529108721065,1.8236722612979004,3.317863475650204,3.325783739801685,23.26171875,23.1796875,0.722900390625,0.723388671875,2.98486328125,2.994140625,0.09185565184109751,0.09276113223547952,2.951171875,2.8984375
primary,lcc,27,value,4,122 174 214 357,0.3972786554309117,0.3969158432343139,1.753662109375,1.75830078125,0.004932427402838333,0.004839823495107219,0.005244541635088118,0.005245527078687877,0.6526350860841662,0.6549205065673982,0.42616128911645246,0.42906051496872377,6.71484375,6.5703125,0.4248046875,0.4266357421875,1.284423828125,1.29052734375,0.06730863407141278,0.06755908937815802,1.4490966796875,1.423095703125
primary,lcc,31,key,4,122 174 214 357,0.16618256588858163,0.16845374165480365,6.1455078125,6.1328125,0.014947004535274758,0.014931706728728674,-0.03720661142225841,-0.03716845988723331,1.7130244617789105,1.7124678795973463,2.934568519132019,2.932636504917986,20.8984375,20.8671875,0.776123046875,0.77685546875,3.14501953125,3.1484375,0.08109791188748111,0.08224156821984246,3.01123046875,2.96337890625
primary,lcc,31,value,4,122 174 214 357,0.39993582865626337,0.39984296335026126,1.408203125,1.416015625,0.005383282367675551,0.005366491069333723,-0.005248823347816357,-0.00526248249795791,0.5210265604936251,0.5243120879574639,0.2716329272684584,0.27491210094936525,6.7080078125,6.578125,0.337158203125,0.3394775390625,1.0223388671875,1.02880859375,0.04351657502713477,0.044018366111805325,2.0516357421875,2.0516357421875
primary,passage_retrieval_en,0,key,4,41 105 141 185,0.18910634940819343,0.189125655369714,2.14111328125,2.142578125,0.01393521913140518,0.013940248523712437,0.001803884734515692,0.0018337180073817773,0.6442033157593553,0.6444384048211079,0.41499814190780926,0.4153008576496504,6.28515625,6.2578125,0.35235595703125,0.352294921875,1.263671875,1.263671875,0.014836203375371724,0.014851188913473312,1.6162109375,1.61328125
primary,passage_retrieval_en,0,value,4,41 105 141 185,0.531805656600272,0.5317690727197149,0.136138916015625,0.13616943359375,0.01706897181013095,0.01706526323701247,-5.099892830132073e-05,-5.15516248535291e-05,0.030818708649017083,0.030822518363823333,0.0009497931069498559,0.00095002776172292,1.201171875,1.201171875,0.0054492950439453125,0.0054569244384765625,0.0374603271484375,0.0374908447265625,0.0002684840248346453,0.0002684811769407408,0.226654052734375,0.226654052734375
primary,passage_retrieval_en,4,key,4,41 105 141 185,0.14231004966630015,0.1425786639201772,7.453125,7.451171875,0.017831139605256896,0.017827446466135988,-0.03280251811387126,-0.03272009209543399,1.8632710227519618,1.86146955844789,3.4717929432328662,3.4650693402387294,19.4453125,19.5703125,0.7412109375,0.741455078125,3.74365234375,3.740234375,0.07034019600155553,0.07045712418373884,2.8828125,2.8828125
primary,passage_retrieval_en,4,value,4,41 105 141 185,0.40953759606110995,0.409539206938767,0.731201171875,0.731201171875,0.008135294916573638,0.0081322861537391,-0.0013814193820249987,-0.0013782149947178034,0.25440384324145904,0.25436887671120434,0.06472133563994545,0.06470353016906386,3.57421875,3.486328125,0.15655517578125,0.1566162109375,0.5030517578125,0.5029296875,0.010857360925723127,0.010857616751311708,0.8069305419921875,0.825439453125
primary,passage_retrieval_en,9,key,4,41 105 141 185,0.17095643567769941,0.17085483174619948,7.521484375,7.51953125,0.017601715653708803,0.017676221848961778,-0.01174502394331323,-0.011854949103306901,1.8470016930391906,1.8468951343095525,3.411415689432828,3.411021638086461,20.75,20.546875,0.7596435546875,0.759765625,3.515625,3.5166015625,0.09973750448022528,0.09962672549013185,3.1796875,3.1796875
primary,passage_retrieval_en,9,value,4,41 105 141 185,0.4055678089400959,0.4055850724753002,1.048828125,1.04833984375,0.007180013496605608,0.007171068744921738,0.0006125594189958645,0.0006292010802499297,0.3719875344506911,0.37184784895927603,0.1383750803025578,0.13827082435808852,6.875,6.861328125,0.233551025390625,0.2335205078125,0.7364501953125,0.736328125,0.02274988815370207,0.022725032340243347,1.36297607421875,1.358642578125
primary,passage_retrieval_en,13,key,4,41 105 141 185,0.17511328110060348,0.17513905327397053,6.6474609375,6.662109375,0.015496638982132145,0.015557644991263539,-0.0044846225018784465,-0.004364523668939101,1.7934476179544196,1.7930682080671074,3.21645689774789,3.2150944252374116,19.63671875,19.609375,0.7557373046875,0.755859375,3.39111328125,3.392578125,0.09866222620409476,0.09864085065164296,2.9921875,2.9921875
primary,passage_retrieval_en,13,value,4,41 105 141 185,0.39843150723953596,0.39840660395745375,1.157470703125,1.158203125,0.006146836153897366,0.006133841362412519,0.00040840479779168223,0.0003539504224802552,0.41830971908454,0.41845473122658117,0.17498346291397637,0.17510456153749743,5.4638671875,5.470703125,0.2662353515625,0.2662353515625,0.8309326171875,0.831298828125,0.027758483408289868,0.02777760647590486,1.3994140625,1.39453125
primary,passage_retrieval_en,18,key,4,41 105 141 185,0.16607835411396393,0.16602075920387072,7.0654296875,7.0546875,0.014917880997666607,0.014935910337685607,-0.015417578021195515,-0.015491717717736067,1.8307886528140254,1.8316473601036773,3.3517908410595196,3.3549320865608117,19.34375,19.375,0.7384033203125,0.738525390625,3.34521484375,3.345703125,0.09251090081852305,0.09237838874788927,2.712646484375,2.701171875
primary,passage_retrieval_en,18,value,4,41 105 141 185,0.40000834589139345,0.400022751670573,1.3349609375,1.33544921875,0.0059705875859937035,0.0059709220498282405,-0.003248394601293599,-0.00330062986261611,0.48628372145587945,0.4861672289946663,0.23647202672952475,0.2363585960930011,5.3603515625,5.3515625,0.31072998046875,0.3106689453125,0.959228515625,0.958984375,0.03784018161253213,0.03785150065157658,1.24462890625,1.2138671875
primary,passage_retrieval_en,22,key,4,41 105 141 185,0.1680967331538664,0.1681190943666157,6.87890625,6.8984375,0.015452403576485512,0.01549347611780448,0.0010183264900336547,0.001192635723662272,1.8308727383238446,1.831079460693829,3.3521132119038004,3.3528532140580936,21.40234375,21.296875,0.7559814453125,0.755859375,3.353515625,3.353515625,0.09476919671870923,0.0946385976339991,2.7890625,2.7890625
primary,passage_retrieval_en,22,value,4,41 105 141 185,0.39558740122471214,0.3956405226001306,1.491943359375,1.49169921875,0.005367356639574637,0.005382303673210308,-0.004550447631107263,-0.004469700380123776,0.5476867216869439,0.5476522708769624,0.2999612164559915,0.29992342728342036,7.845703125,7.84765625,0.3529052734375,0.352783203125,1.0859375,1.0859375,0.04697059752238921,0.04695603302605622,1.566741943359375,1.5706787109375
primary,passage_retrieval_en,27,key,4,41 105 141 185,0.16788277860790832,0.16791453039929405,6.943359375,6.958984375,0.012947452899341964,0.012967344234127508,-0.0069837858785289685,-0.007022945198429019,1.832724459151069,1.8336801677438874,3.3588878621658846,3.3623833008259085,21.765625,21.75,0.734619140625,0.734375,3.04833984375,3.05078125,0.09471223401256552,0.09456465514909597,2.828125,2.828125
primary,passage_retrieval_en,27,value,4,41 105 141 185,0.39822893944164295,0.39823625989104317,1.7861328125,1.78662109375,0.004733126021776145,0.004743101998823074,0.0018600059767454671,0.001943580458218244,0.6678969247553335,0.6677585242999464,0.44608805104772076,0.445901779667105,7.982421875,7.986328125,0.43463134765625,0.4344482421875,1.31201171875,1.3115234375,0.07082296128296522,0.07078627745731077,2.11334228515625,2.0718994140625
primary,passage_retrieval_en,31,key,4,41 105 141 185,0.17558359473561036,0.17599153116654276,6.6396484375,6.640625,0.01701812366472803,0.017017113548788355,-0.027949325820500328,-0.028006418450075943,1.77822799273833,1.776950545527367,3.162108795643203,3.15755583064077,23.01953125,23.03125,0.7899169921875,0.7900390625,3.37451171875,3.373046875,0.0975573394053974,0.09783299408731487,3.7733154296875,3.7734375
primary,passage_retrieval_en,31,value,4,41 105 141 185,0.4012199543330555,0.4012061932827531,1.520263671875,1.52001953125,0.005970841312669682,0.005969506827228217,-0.006812318817340124,-0.006824591284080329,0.5556688321675443,0.5556308358959738,0.3087699176900569,0.3087257783366739,7.8349609375,7.8671875,0.35577392578125,0.355712890625,1.08984375,1.08984375,0.04977128253836999,0.04975185315310906,2.0516357421875,2.0516357421875
primary,trec,0,key,4,82 151 153 154,0.2059207758036263,0.2057897806140347,2.248046875,2.2490234375,0.013810333054683563,0.013770425883361734,0.006257508884904257,0.005895395585975452,0.6798717597347883,0.6797737059369098,0.46222667859799405,0.4620922914047487,7.154296875,7.171875,0.368896484375,0.3687744140625,1.335693359375,1.33544921875,0.019599153688059406,0.019576006663698218,1.7945556640625,1.79620361328125
primary,trec,0,value,4,82 151 153 154,0.5385419582683814,0.5385783861184884,0.147247314453125,0.147216796875,0.01755709200753354,0.01756872032197144,0.00015233585904740024,0.00015336568779018833,0.03285027910188791,0.03283682002856616,0.0010791442351525179,0.0010782568167443112,1.201171875,1.201171875,0.005837440490722656,0.0058345794677734375,0.04157257080078125,0.0415802001953125,0.0003129510876818177,0.0003128970922889698,0.226654052734375,0.226654052734375
primary,trec,4,key,4,82 151 153 154,0.13977562122237588,0.13981983955999772,7.5947265625,7.5859375,0.015981608643384625,0.015959612038095535,-0.018159253206013543,-0.016634718598891155,1.9085935256745135,1.909331950826644,3.642733060656085,3.6455486539086004,18.76171875,18.796875,0.7493896484375,0.74951171875,3.77294921875,3.7705078125,0.07116732807235976,0.07121291855977521,2.7578125,2.75
primary,trec,4,value,4,82 151 153 154,0.4078538338484998,0.40787934638948564,0.7529296875,0.753173828125,0.008464920033160383,0.008467272271964175,-0.001591551259231663,-0.0015927188194828018,0.2599056677189465,0.2598821102955091,0.06755098312662249,0.06753871452225543,3.0791015625,3.1083984375,0.160064697265625,0.1600341796875,0.5145263671875,0.5146484375,0.011235822863118423,0.011235173844085764,0.7076873779296875,0.696014404296875
primary,trec,9,key,4,82 151 153 154,0.1653161796565816,0.16538468846175625,7.5,7.484375,0.016193658608580897,0.01606544705300989,-0.005333617104403944,-0.006262275126776864,1.8955938667972896,1.8958017031552097,3.593279107803009,3.5940641419434805,20.1328125,20.203125,0.7713623046875,0.772216796875,3.552734375,3.5556640625,0.09819436626501767,0.09825927310153794,3.28125,3.25390625
primary,trec,9,value,4,82 151 153 154,0.40570199028842047,0.4057657584344756,1.039794921875,1.03955078125,0.007207543261341966,0.007216598046228073,0.0005370923982022163,0.0005433320107175361,0.3684567143814673,0.3683387813466797,0.13576059775785232,0.13567353812169924,6.845703125,6.8515625,0.23065185546875,0.2305908203125,0.7305908203125,0.730224609375,0.02235448971409295,0.02234498136275545,1.3624267578125,1.3642578125
primary,trec,13,key,4,82 151 153 154,0.1723903088531675,0.17249201411585577,6.6025390625,6.57421875,0.014040606645519003,0.01394549509994869,-0.00825384525264879,-0.008907320034759407,1.8425211680679572,1.8418301929214742,3.3948908366716823,3.392340773838767,19.84375,19.7890625,0.77294921875,0.7734375,3.380859375,3.376953125,0.100860173935225,0.10081225541004779,3.05078125,3.05078125
primary,trec,13,value,4,82 151 153 154,0.3990230517354922,0.3990299332433675,1.1279296875,1.12841796875,0.006026489311383278,0.0060231904079264325,-0.0024769166196094137,-0.002510613019275164,0.40913148419222106,0.40921750368926424,0.16738874999415354,0.16745900311134015,5.30859375,5.30078125,0.2613525390625,0.2613525390625,0.8104248046875,0.810791015625,0.026664098964586536,0.026674507457323235,1.4228515625,1.418701171875
primary,trec,18,key,4,82 151 153 154,0.17172464667340617,0.17166246824896703,6.6884765625,6.689453125,0.01350000024787602,0.01349068714849845,-0.00881617685429934,-0.0088158341479276,1.8229426299989568,1.8242274874444488,3.3231272747504508,3.32780593751324,18.625,18.59375,0.73828125,0.73828125,3.26513671875,3.263671875,0.0979761813284849,0.09794389438773342,2.896484375,2.890625
primary,trec,18,value,4,82 151 153 154,0.4003941032572317,0.4003514237554189,1.29443359375,1.2939453125,0.006046034860073139,0.006051679916458349,-0.0024757521631228437,-0.002543119412798202,0.4707265540969743,0.4707023868146482,0.2215840276496513,0.2215611482024873,5.2861328125,5.28125,0.2996826171875,0.2996826171875,0.928955078125,0.928955078125,0.03554119392212558,0.03552716887673581,1.168212890625,1.1689453125
primary,trec,22,key,4,82 151 153 154,0.17469580733182222,0.17479159604134858,6.75,6.73046875,0.014523843813412818,0.014469026800941196,-0.009680716165178117,-0.009934828886864058,1.8441827223324907,1.8444695251051564,3.401025550746145,3.4020809069446027,22.18359375,22.1875,0.75439453125,0.75439453125,3.31005859375,3.310546875,0.10377011589197375,0.1036904481237808,3.078125,3.08203125
primary,trec,22,value,4,82 151 153 154,0.3947553630594128,0.3948359308995575,1.4453125,1.44580078125,0.005837055195102445,0.005836585048979487,-0.002331131475068432,-0.0023393229328803307,0.5260480310911637,0.5261159264863912,0.27672739697440085,0.27679811137946664,6.8076171875,6.658203125,0.3375244140625,0.3375244140625,1.043212890625,1.04345703125,0.04314496686638665,0.043162494688567386,1.3984909057617188,1.3801116943359375
primary,trec,27,key,4,82 151 153 154,0.16829969244388684,0.16828034214971416,6.5517578125,6.515625,0.01256178344991117,0.012519429862081884,-0.007598825706227407,-0.007413598513863378,1.8447321546989057,1.84415102349744,3.4030494747679665,3.4008964329971905,22.1875,22.171875,0.7137451171875,0.71435546875,3.0732421875,3.072265625,0.0963744946435484,0.0963380102407076,2.9375,2.9296875
primary,trec,27,value,4,82 151 153 154,0.40050607874213595,0.40050851264387155,1.703857421875,1.703125,0.005520843568636567,0.005514418322707382,-0.0013093094234522585,-0.0013179278196827368,0.6271957358003092,0.6271397471779164,0.3933762247478421,0.3933043293136499,6.9912109375,6.859375,0.4031982421875,0.4033203125,1.2333984375,1.2333984375,0.06312660265826442,0.0631022274406257,1.572998046875,1.56982421875
primary,trec,31,key,4,82 151 153 154,0.1694524608072315,0.1694374973814003,6.6220703125,6.642578125,0.01618040703736692,0.016140441668519835,-0.03373312812123891,-0.03291156886147165,1.7938911266066373,1.7953195215672677,3.2180787764829866,3.2231840466011796,21.55859375,21.6328125,0.7811279296875,0.781494140625,3.3466796875,3.3486328125,0.09241100206307803,0.09251372037515135,3.102294921875,3.11328125
primary,trec,31,value,4,82 151 153 154,0.40206475011623166,0.40208398585568766,1.416015625,1.4169921875,0.006339350289001256,0.006349983006320231,-0.0029769099097204195,-0.0030889307885288396,0.5128288511061888,0.5127359224783592,0.2629936982407025,0.26289816654508646,6.9921875,7.056640625,0.32598876953125,0.325927734375,1.007080078125,1.0068359375,0.0425192226559074,0.04250058765016605,2.0516357421875,2.0516357421875
diagnostic,multifieldqa_en,0,key,4,50 81 92 103,0.192891367612904,0.19264854327945063,2.1630859375,2.16796875,0.013759912063033642,0.013682409109296014,0.005509970334284531,0.00564855479288978,0.6520622153831209,0.6519500041538018,0.4251866448050134,0.4250389957599696,8.806640625,8.82421875,0.35650634765625,0.3568115234375,1.270263671875,1.271484375,0.015810233204427034,0.015800671796086012,1.684600830078125,1.68060302734375
diagnostic,multifieldqa_en,0,value,4,50 81 92 103,0.531187858865054,0.5310507359032054,0.138153076171875,0.1383056640625,0.017231940407735208,0.01718716750483839,-4.485424795875804e-05,-4.1536106004106416e-05,0.031133514200857464,0.03117431794534625,0.0009693110990485097,0.0009718388944501492,1.201171875,1.201171875,0.0054569244384765625,0.0054569244384765625,0.0383148193359375,0.0381622314453125,0.000273101135502155,0.0002740405123230602,0.226654052734375,0.226654052734375
diagnostic,samsum,0,key,4,52 58 118 151,0.20513843597469733,0.20515426613417986,2.2099609375,2.2080078125,0.014027608349667141,0.014036308080064381,0.0042782188363400826,0.004007955897621772,0.6634295462465318,0.6626306651980671,0.4401413880565784,0.4390794008188922,6.2578125,6.2578125,0.35760498046875,0.357177734375,1.306640625,1.306640625,0.018521583665419037,0.018476316115240834,1.792724609375,1.797119140625
diagnostic,samsum,0,value,4,52 58 118 151,0.5354135121335726,0.5354588188069703,0.144866943359375,0.14471435546875,0.01758981194298624,0.017591169065454028,8.342915084049903e-05,7.436744189468899e-05,0.03193152348249425,0.03189283493925095,0.0010196281961066232,0.0010171529358529376,1.201171875,1.201171875,0.0057697296142578125,0.0057697296142578125,0.03975677490234375,0.0397491455078125,0.0002922358969625314,0.0002914505663366115,0.226654052734375,0.226654052734375
