contrast,layer,task,observed,ci_low,ci_high,ci_excludes_zero
task_delta,0,trec,0.0,0.0,0.0,False
task_delta,0,lcc,-0.018000000000000682,-0.6939999999999957,0.622049999999999,False
task_delta,0,passage_retrieval_en,0.0,0.0,0.0,False
task_delta,0,2wikimqa,-0.01117216117216202,-0.02875457875457963,0.0,False
task_delta,0,multifieldqa_en,0.0,0.0,0.0,False
task_delta,0,samsum,0.03584492868787237,-0.17820905847196097,0.22973379526526988,False
task_delta,4,trec,0.0,0.0,0.0,False
task_delta,4,lcc,-0.35599999999999454,-1.4979999999999978,0.7319999999999993,False
task_delta,4,passage_retrieval_en,0.0,0.0,0.0,False
task_delta,4,2wikimqa,-0.42751547987616334,-1.0550309597523224,-0.05000000000000071,True
task_delta,4,multifieldqa_en,0.15093108306857062,-0.09636927756308501,0.5155729957212322,False
task_delta,4,samsum,0.043054341611082236,-0.3192035395060747,0.3730005572026538,False
task_delta,9,trec,0.0,0.0,0.0,False
task_delta,9,lcc,-0.1039999999999992,-1.1000000000000014,0.8740000000000023,False
task_delta,9,passage_retrieval_en,-0.5,-1.5,0.0,False
task_delta,9,2wikimqa,-0.362666135034555,-0.733293128654972,-0.0625,True
task_delta,9,multifieldqa_en,-0.4702623070913319,-0.9730500155165043,-0.054526892049360544,True
task_delta,9,samsum,0.12844622330062094,-0.5359664193267143,0.7873707989331865,False
task_delta,13,trec,0.0,0.0,0.0,False
task_delta,13,lcc,0.25,-0.6960000000000051,1.2360000000000042,False
task_delta,13,passage_retrieval_en,1.0,-1.5,3.5,False
task_delta,13,2wikimqa,-0.22187257187257003,-1.2491221033868125,0.6205080356734691,False
task_delta,13,multifieldqa_en,-0.10366238788437698,-0.9313493542135316,0.6174963611608764,False
task_delta,13,samsum,-0.1977194140698728,-0.9619324167624012,0.5756418729586689,False
task_delta,18,trec,0.5,0.0,1.5,False
task_delta,18,lcc,0.13000000000000256,-0.5600000000000023,0.8260000000000005,False
task_delta,18,passage_retrieval_en,-2.0,-5.0,1.0,False
task_delta,18,2wikimqa,1.1934833742109276,0.30097679023762514,2.374112931057591,True
task_delta,18,multifieldqa_en,-0.35719374374055235,-1.5439038416368713,0.7028708079204204,False
task_delta,18,samsum,-0.02686122817642911,-0.7152925342721085,0.6596383443051969,False
task_delta,22,trec,0.0,0.0,0.0,False
task_delta,22,lcc,-0.29399999999999693,-1.0920499999999989,0.40800000000000125,False
task_delta,22,passage_retrieval_en,0.5,0.0,1.5,False
task_delta,22,2wikimqa,0.21993464052287948,-0.34999999999999787,0.9176470588235297,False
task_delta,22,multifieldqa_en,-0.26635369578285406,-1.2536173308028622,0.5280628123997886,False
task_delta,22,samsum,-0.28946776653037176,-0.709864311096216,0.09712961382571673,False
task_delta,27,trec,0.0,0.0,0.0,False
task_delta,27,lcc,-0.4160000000000039,-0.905999999999999,-0.016000000000005166,True
task_delta,27,passage_retrieval_en,0.0,0.0,0.0,False
task_delta,27,2wikimqa,0.2463235294117645,-0.011029411764702957,0.75,False
task_delta,27,multifieldqa_en,-0.10048968570961847,-0.3092052369180962,0.06543586885814248,False
task_delta,27,samsum,-0.2526749730472204,-0.6277256038152815,0.06953639102667511,False
task_delta,31,trec,0.0,0.0,0.0,False
task_delta,31,lcc,-0.09599999999999653,-0.6020000000000039,0.4020500000000002,False
task_delta,31,passage_retrieval_en,0.0,0.0,0.0,False
task_delta,31,2wikimqa,-0.14632352941176663,-0.5088235294117673,0.125,False
task_delta,31,multifieldqa_en,-0.5204636203947359,-1.3807510896747888,-0.026831066033478315,True
task_delta,31,samsum,-0.0407679105652079,-0.44464258945773133,0.3610445189205386,False
layer_aggregate,0,,0.0011121279192849443,-0.11690052413972941,0.11228907195835047,False
layer_aggregate,4,,-0.0982550091994175,-0.32593384297704403,0.11381606302989435,False
layer_aggregate,9,,-0.21808036980421086,-0.5044813041498005,0.0406730665404572,False
layer_aggregate,13,,0.12112427102886336,-0.3608383537683881,0.6157593278430401,False
layer_aggregate,18,,-0.0934285996176752,-0.7281725601076918,0.5296167406790138,False
layer_aggregate,22,,-0.021647803631723878,-0.29905337322316083,0.2735447521775233,False
layer_aggregate,27,,-0.08714018822417972,-0.21500152532558278,0.049864190099961354,False
layer_aggregate,31,,-0.1339258433952845,-0.3233760496251864,0.024527396644945704,False
family_effect_range,,,0.3392046408330742,0.23324360096716482,1.092413506901201,True
