layer,task,kivi_score,rotation_score,delta
0,trec,66.5,66.5,0.0
0,lcc,55.63,55.61,-0.018
0,passage_retrieval_en,31.5,31.5,0.0
0,2wikimqa,24.58,24.57,-0.0112
0,multifieldqa_en,43.31,43.31,0.0
0,samsum,40.87,40.9,0.0358
4,trec,66.5,66.5,0.0
4,lcc,53.99,53.64,-0.356
4,passage_retrieval_en,30.5,30.5,0.0
4,2wikimqa,24.5,24.07,-0.4275
4,multifieldqa_en,43.85,44.0,0.1509
4,samsum,40.85,40.89,0.0431
9,trec,66.5,66.5,0.0
9,lcc,52.98,52.88,-0.104
9,passage_retrieval_en,31.0,30.5,-0.5
9,2wikimqa,24.41,24.05,-0.3627
9,multifieldqa_en,43.78,43.31,-0.4703
9,samsum,40.91,41.04,0.1284
13,trec,66.5,66.5,0.0
13,lcc,51.79,52.04,0.25
13,passage_retrieval_en,31.0,32.0,1.0
13,2wikimqa,24.31,24.09,-0.2219
13,multifieldqa_en,43.7,43.59,-0.1037
13,samsum,41.18,40.99,-0.1977
18,trec,66.0,66.5,0.5
18,lcc,53.52,53.65,0.13
18,passage_retrieval_en,31.5,29.5,-2.0
18,2wikimqa,23.37,24.57,1.1935
18,multifieldqa_en,43.45,43.09,-0.3572
18,samsum,40.92,40.89,-0.0269
22,trec,66.5,66.5,0.0
22,lcc,53.37,53.08,-0.294
22,passage_retrieval_en,30.5,31.0,0.5
22,2wikimqa,24.21,24.43,0.2199
22,multifieldqa_en,43.72,43.45,-0.2664
22,samsum,41.18,40.89,-0.2895
27,trec,66.5,66.5,0.0
27,lcc,53.33,52.91,-0.416
27,passage_retrieval_en,30.5,30.5,0.0
27,2wikimqa,24.31,24.56,0.2463
27,multifieldqa_en,43.46,43.36,-0.1005
27,samsum,41.17,40.92,-0.2527
31,trec,66.5,66.5,0.0
31,lcc,53.13,53.04,-0.096
31,passage_retrieval_en,30.5,30.5,0.0
31,2wikimqa,24.31,24.17,-0.1463
31,multifieldqa_en,43.89,43.37,-0.5205
31,samsum,40.83,40.79,-0.0408
