layer,family,task,score
0,kivi,trec,66.5
0,kivi,lcc,55.63
0,kivi,passage_retrieval_en,31.5
0,kivi,2wikimqa,24.58
0,kivi,multifieldqa_en,43.31
0,kivi,samsum,40.87
0,rotation_kivi,trec,66.5
0,rotation_kivi,lcc,55.61
0,rotation_kivi,passage_retrieval_en,31.5
0,rotation_kivi,2wikimqa,24.57
0,rotation_kivi,multifieldqa_en,43.31
0,rotation_kivi,samsum,40.9
4,kivi,trec,66.5
4,kivi,lcc,53.99
4,kivi,passage_retrieval_en,30.5
4,kivi,2wikimqa,24.5
4,kivi,multifieldqa_en,43.85
4,kivi,samsum,40.85
4,rotation_kivi,trec,66.5
4,rotation_kivi,lcc,53.64
4,rotation_kivi,passage_retrieval_en,30.5
4,rotation_kivi,2wikimqa,24.07
4,rotation_kivi,multifieldqa_en,44.0
4,rotation_kivi,samsum,40.89
9,kivi,trec,66.5
9,kivi,lcc,52.98
9,kivi,passage_retrieval_en,31.0
9,kivi,2wikimqa,24.41
9,kivi,multifieldqa_en,43.78
9,kivi,samsum,40.91
9,rotation_kivi,trec,66.5
9,rotation_kivi,lcc,52.88
9,rotation_kivi,passage_retrieval_en,30.5
9,rotation_kivi,2wikimqa,24.05
9,rotation_kivi,multifieldqa_en,43.31
9,rotation_kivi,samsum,41.04
13,kivi,trec,66.5
13,kivi,lcc,51.79
13,kivi,passage_retrieval_en,31.0
13,kivi,2wikimqa,24.31
13,kivi,multifieldqa_en,43.7
13,kivi,samsum,41.18
13,rotation_kivi,trec,66.5
13,rotation_kivi,lcc,52.04
13,rotation_kivi,passage_retrieval_en,32.0
13,rotation_kivi,2wikimqa,24.09
13,rotation_kivi,multifieldqa_en,43.59
13,rotation_kivi,samsum,40.99
18,kivi,trec,66.0
18,kivi,lcc,53.52
18,kivi,passage_retrieval_en,31.5
18,kivi,2wikimqa,23.37
18,kivi,multifieldqa_en,43.45
18,kivi,samsum,40.92
18,rotation_kivi,trec,66.5
18,rotation_kivi,lcc,53.65
18,rotation_kivi,passage_retrieval_en,29.5
18,rotation_kivi,2wikimqa,24.57
18,rotation_kivi,multifieldqa_en,43.09
18,rotation_kivi,samsum,40.89
22,kivi,trec,66.5
22,kivi,lcc,53.37
22,kivi,passage_retrieval_en,30.5
22,kivi,2wikimqa,24.21
22,kivi,multifieldqa_en,43.72
22,kivi,samsum,41.18
22,rotation_kivi,trec,66.5
22,rotation_kivi,lcc,53.08
22,rotation_kivi,passage_retrieval_en,31.0
22,rotation_kivi,2wikimqa,24.43
22,rotation_kivi,multifieldqa_en,43.45
22,rotation_kivi,samsum,40.89
27,kivi,trec,66.5
27,kivi,lcc,53.33
27,kivi,passage_retrieval_en,30.5
27,kivi,2wikimqa,24.31
27,kivi,multifieldqa_en,43.46
27,kivi,samsum,41.17
27,rotation_kivi,trec,66.5
27,rotation_kivi,lcc,52.91
27,rotation_kivi,passage_retrieval_en,30.5
27,rotation_kivi,2wikimqa,24.56
27,rotation_kivi,multifieldqa_en,43.36
27,rotation_kivi,samsum,40.92
31,kivi,trec,66.5
31,kivi,lcc,53.13
31,kivi,passage_retrieval_en,30.5
31,kivi,2wikimqa,24.31
31,kivi,multifieldqa_en,43.89
31,kivi,samsum,40.83
31,rotation_kivi,trec,66.5
31,rotation_kivi,lcc,53.04
31,rotation_kivi,passage_retrieval_en,30.5
31,rotation_kivi,2wikimqa,24.17
31,rotation_kivi,multifieldqa_en,43.37
31,rotation_kivi,samsum,40.79
